﻿<?xml version="1.0" encoding="utf-8"?>
<xparam>
	<Item>
		<ShortCut>/:^_^</ShortCut>
		<Meaning>微笑</Meaning>
		<OriginalFile>0.gif</OriginalFile>
		<FixedFile>0fixed.bmp</FixedFile>
	</Item>
	<Item>
		<ShortCut>/:^$^</ShortCut>
		<Meaning>害羞</Meaning>
		<OriginalFile>1.gif</OriginalFile>
		<FixedFile>1fixed.bmp</FixedFile>
	</Item>
	<Item>
		<ShortCut>/:Q</ShortCut>
		<Meaning>吐舌头</Meaning>
		<OriginalFile>2.gif</OriginalFile>
		<FixedFile>2fixed.bmp</FixedFile>
	</Item>
	<Item>
		<ShortCut>/:815</ShortCut>
		<Meaning>偷笑</Meaning>
		<OriginalFile>3.gif</OriginalFile>
		<FixedFile>3fixed.bmp</FixedFile>
	</Item>
	<Item>
		<ShortCut>/:809</ShortCut>
		<Meaning>爱慕</Meaning>
		<OriginalFile>4.gif</OriginalFile>
		<FixedFile>4fixed.bmp</FixedFile>
	</Item>
	<Item>
		<ShortCut>/:^O^</ShortCut>
		<Meaning>大笑</Meaning>
		<OriginalFile>5.gif</OriginalFile>
		<FixedFile>5fixed.bmp</FixedFile>
	</Item>
	<Item>
		<ShortCut>/:081</ShortCut>
		<Meaning>跳舞</Meaning>
		<OriginalFile>6.gif</OriginalFile>
		<FixedFile>6fixed.bmp</FixedFile>
	</Item>
	<Item>
		<ShortCut>/:087</ShortCut>
		<Meaning>飞吻</Meaning>
		<OriginalFile>7.gif</OriginalFile>
		<FixedFile>7fixed.bmp</FixedFile>
	</Item>
	<Item>
		<ShortCut>/:086</ShortCut>
		<Meaning>安慰</Meaning>
		<OriginalFile>8.gif</OriginalFile>
		<FixedFile>8fixed.bmp</FixedFile>
	</Item>
	<Item>
		<ShortCut>/:H</ShortCut>
		<Meaning>抱抱</Meaning>
		<OriginalFile>9.gif</OriginalFile>
		<FixedFile>9fixed.bmp</FixedFile>
	</Item>
	<Item>
		<ShortCut>/:012</ShortCut>
		<Meaning>加油</Meaning>
		<OriginalFile>10.gif</OriginalFile>
		<FixedFile>10fixed.bmp</FixedFile>
	</Item>
	<Item>
		<ShortCut>/:806</ShortCut>
		<Meaning>胜利</Meaning>
		<OriginalFile>11.gif</OriginalFile>
		<FixedFile>11fixed.bmp</FixedFile>
	</Item>
	<Item>
		<ShortCut>/:b</ShortCut>
		<Meaning>强</Meaning>
		<OriginalFile>12.gif</OriginalFile>
		<FixedFile>12fixed.bmp</FixedFile>
	</Item>
	<Item>
		<ShortCut>/:^x^</ShortCut>
		<Meaning>亲亲</Meaning>
		<OriginalFile>13.gif</OriginalFile>
		<FixedFile>13fixed.bmp</FixedFile>
	</Item>
	<Item>
		<ShortCut>/:814</ShortCut>
		<Meaning>花痴</Meaning>
		<OriginalFile>14.gif</OriginalFile>
		<FixedFile>14fixed.bmp</FixedFile>
	</Item>
	<Item>
		<ShortCut>/:^W^</ShortCut>
		<Meaning>露齿笑</Meaning>
		<OriginalFile>15.gif</OriginalFile>
		<FixedFile>15fixed.bmp</FixedFile>
	</Item>
	<Item>
		<ShortCut>/:080</ShortCut>
		<Meaning>查找</Meaning>
		<OriginalFile>16.gif</OriginalFile>
		<FixedFile>16fixed.bmp</FixedFile>
	</Item>
	<Item>
		<ShortCut>/:066</ShortCut>
		<Meaning>呼叫</Meaning>
		<OriginalFile>17.gif</OriginalFile>
		<FixedFile>17fixed.bmp</FixedFile>
	</Item>
	<Item>
		<ShortCut>/:807</ShortCut>
		<Meaning>算账</Meaning>
		<OriginalFile>18.gif</OriginalFile>
		<FixedFile>18fixed.bmp</FixedFile>
	</Item>
	<Item>
		<ShortCut>/:805</ShortCut>
		<Meaning>财迷</Meaning>
		<OriginalFile>19.gif</OriginalFile>
		<FixedFile>19fixed.bmp</FixedFile>
	</Item>
	<Item>
		<ShortCut>/:071</ShortCut>
		<Meaning>好主意</Meaning>
		<OriginalFile>20.gif</OriginalFile>
		<FixedFile>20fixed.bmp</FixedFile>
	</Item>
	<Item>
		<ShortCut>/:072</ShortCut>
		<Meaning>鬼脸</Meaning>
		<OriginalFile>21.gif</OriginalFile>
		<FixedFile>21fixed.bmp</FixedFile>
	</Item>
	<Item>
		<ShortCut>/:065</ShortCut>
		<Meaning>天使</Meaning>
		<OriginalFile>22.gif</OriginalFile>
		<FixedFile>22fixed.bmp</FixedFile>
	</Item>
	<Item>
		<ShortCut>/:804</ShortCut>
		<Meaning>再见</Meaning>
		<OriginalFile>23.gif</OriginalFile>
		<FixedFile>23fixed.bmp</FixedFile>
	</Item>
	<Item>
		<ShortCut>/:813</ShortCut>
		<Meaning>流口水</Meaning>
		<OriginalFile>24.gif</OriginalFile>
		<FixedFile>24fixed.bmp</FixedFile>
	</Item>
	<Item>
		<ShortCut>/:818</ShortCut>
		<Meaning>享受</Meaning>
		<OriginalFile>25.gif</OriginalFile>
		<FixedFile>25fixed.bmp</FixedFile>
	</Item>
	<Item>
		<ShortCut>/:015</ShortCut>
		<Meaning>色情狂</Meaning>
		<OriginalFile>26.gif</OriginalFile>
		<FixedFile>26fixed.bmp</FixedFile>
	</Item>
	<Item>
		<ShortCut>/:084</ShortCut>
		<Meaning>呆若木鸡</Meaning>
		<OriginalFile>27.gif</OriginalFile>
		<FixedFile>27fixed.bmp</FixedFile>
	</Item>
	<Item>
		<ShortCut>/:801</ShortCut>
		<Meaning>思考</Meaning>
		<OriginalFile>28.gif</OriginalFile>
		<FixedFile>28fixed.bmp</FixedFile>
	</Item>
	<Item>
		<ShortCut>/:811</ShortCut>
		<Meaning>迷惑</Meaning>
		<OriginalFile>29.gif</OriginalFile>
		<FixedFile>29fixed.bmp</FixedFile>
	</Item>
	<Item>
		<ShortCut>/:?</ShortCut>
		<Meaning>疑问</Meaning>
		<OriginalFile>30.gif</OriginalFile>
		<FixedFile>30fixed.bmp</FixedFile>
	</Item>
	<Item>
		<ShortCut>/:077</ShortCut>
		<Meaning>没钱了</Meaning>
		<OriginalFile>31.gif</OriginalFile>
		<FixedFile>31fixed.bmp</FixedFile>
	</Item>
	<Item>
		<ShortCut>/:083</ShortCut>
		<Meaning>无聊</Meaning>
		<OriginalFile>32.gif</OriginalFile>
		<FixedFile>32fixed.bmp</FixedFile>
	</Item>
	<Item>
		<ShortCut>/:817</ShortCut>
		<Meaning>怀疑</Meaning>
		<OriginalFile>33.gif</OriginalFile>
		<FixedFile>33fixed.bmp</FixedFile>
	</Item>
	<Item>
		<ShortCut>/:!</ShortCut>
		<Meaning>嘘</Meaning>
		<OriginalFile>34.gif</OriginalFile>
		<FixedFile>34fixed.bmp</FixedFile>
	</Item>
	<Item>
		<ShortCut>/:068</ShortCut>
		<Meaning>小样</Meaning>
		<OriginalFile>35.gif</OriginalFile>
		<FixedFile>35fixed.bmp</FixedFile>
	</Item>
	<Item>
		<ShortCut>/:079</ShortCut>
		<Meaning>摇头</Meaning>
		<OriginalFile>36.gif</OriginalFile>
		<FixedFile>36fixed.bmp</FixedFile>
	</Item>
	<Item>
		<ShortCut>/:028</ShortCut>
		<Meaning>感冒</Meaning>
		<OriginalFile>37.gif</OriginalFile>
		<FixedFile>37fixed.bmp</FixedFile>
	</Item>
	<Item>
		<ShortCut>/:026</ShortCut>
		<Meaning>尴尬</Meaning>
		<OriginalFile>38.gif</OriginalFile>
		<FixedFile>38fixed.bmp</FixedFile>
	</Item>
	<Item>
		<ShortCut>/:007</ShortCut>
		<Meaning>傻笑</Meaning>
		<OriginalFile>39.gif</OriginalFile>
		<FixedFile>39fixed.bmp</FixedFile>
	</Item>
	<Item>
		<ShortCut>/:816</ShortCut>
		<Meaning>不会吧	</Meaning>
		<OriginalFile>40.gif</OriginalFile>
		<FixedFile>40fixed.bmp</FixedFile>
	</Item>
	<Item>
		<ShortCut>/:&apos;&quot;&quot;</ShortCut>
		<Meaning>无奈</Meaning>
		<OriginalFile>41.gif</OriginalFile>
		<FixedFile>41fixed.bmp</FixedFile>
	</Item>
	<Item>
		<ShortCut>/:802</ShortCut>
		<Meaning>流汗</Meaning>
		<OriginalFile>42.gif</OriginalFile>
		<FixedFile>42fixed.bmp</FixedFile>
	</Item>
	<Item>
		<ShortCut>/:027</ShortCut>
		<Meaning>凄凉</Meaning>
		<OriginalFile>43.gif</OriginalFile>
		<FixedFile>43fixed.bmp</FixedFile>
	</Item>
	<Item>
		<ShortCut>/:(Zz...)</ShortCut>
		<Meaning>困了</Meaning>
		<OriginalFile>44.gif</OriginalFile>
		<FixedFile>44fixed.bmp</FixedFile>
	</Item>
	<Item>
		<ShortCut>/:*&amp;*</ShortCut>
		<Meaning>晕</Meaning>
		<OriginalFile>45.gif</OriginalFile>
		<FixedFile>45fixed.bmp</FixedFile>
	</Item>
	<Item>
		<ShortCut>/:810</ShortCut>
		<Meaning>忧伤</Meaning>
		<OriginalFile>46.gif</OriginalFile>
		<FixedFile>46fixed.bmp</FixedFile>
	</Item>
	<Item>
		<ShortCut>/:&gt;_&lt;</ShortCut>
		<Meaning>委屈</Meaning>
		<OriginalFile>47.gif</OriginalFile>
		<FixedFile>47fixed.bmp</FixedFile>
	</Item>
	<Item>
		<ShortCut>/:018</ShortCut>
		<Meaning>悲泣</Meaning>
		<OriginalFile>48.gif</OriginalFile>
		<FixedFile>48fixed.bmp</FixedFile>
	</Item>
	<Item>
		<ShortCut>/:&gt;O&lt;</ShortCut>
		<Meaning>大哭</Meaning>
		<OriginalFile>49.gif</OriginalFile>
		<FixedFile>49fixed.bmp</FixedFile>
	</Item>
	<Item>
		<ShortCut>/:020</ShortCut>
		<Meaning>痛哭</Meaning>
		<OriginalFile>50.gif</OriginalFile>
		<FixedFile>50fixed.bmp</FixedFile>
	</Item>
	<Item>
		<ShortCut>/:044</ShortCut>
		<Meaning>I服了U</Meaning>
		<OriginalFile>51.gif</OriginalFile>
		<FixedFile>51fixed.bmp</FixedFile>
	</Item>
	<Item>
		<ShortCut>/:819</ShortCut>
		<Meaning>对不起</Meaning>
		<OriginalFile>52.gif</OriginalFile>
		<FixedFile>52fixed.bmp</FixedFile>
	</Item>
	<Item>
		<ShortCut>/:085</ShortCut>
		<Meaning>再见</Meaning>
		<OriginalFile>53.gif</OriginalFile>
		<FixedFile>53fixed.bmp</FixedFile>
	</Item>
	<Item>
		<ShortCut>/:812</ShortCut>
		<Meaning>皱眉</Meaning>
		<OriginalFile>54.gif</OriginalFile>
		<FixedFile>54fixed.bmp</FixedFile>
	</Item>
	<Item>
		<ShortCut>/:&quot;</ShortCut>
		<Meaning>好累</Meaning>
		<OriginalFile>55.gif</OriginalFile>
		<FixedFile>55fixed.bmp</FixedFile>
	</Item>
	<Item>
		<ShortCut>/:&gt;M&lt;</ShortCut>
		<Meaning>生病</Meaning>
		<OriginalFile>56.gif</OriginalFile>
		<FixedFile>56fixed.bmp</FixedFile>
	</Item>
	<Item>
		<ShortCut>/:&gt;@&lt;</ShortCut>
		<Meaning>吐</Meaning>
		<OriginalFile>57.gif</OriginalFile>
		<FixedFile>57fixed.bmp</FixedFile>
	</Item>
	<Item>
		<ShortCut>/:076</ShortCut>
		<Meaning>背</Meaning>
		<OriginalFile>58.gif</OriginalFile>
		<FixedFile>58fixed.bmp</FixedFile>
	</Item>
	<Item>
		<ShortCut>/:069</ShortCut>
		<Meaning>惊讶</Meaning>
		<OriginalFile>59.gif</OriginalFile>
		<FixedFile>59fixed.bmp</FixedFile>
	</Item>
	<Item>
		<ShortCut>/:O</ShortCut>
		<Meaning>惊愕</Meaning>
		<OriginalFile>60.gif</OriginalFile>
		<FixedFile>60fixed.bmp</FixedFile>
	</Item>
	<Item>
		<ShortCut>/:067</ShortCut>
		<Meaning>闭嘴</Meaning>
		<OriginalFile>61.gif</OriginalFile>
		<FixedFile>61fixed.bmp</FixedFile>
	</Item>
	<Item>
		<ShortCut>/:043</ShortCut>
		<Meaning>欠扁</Meaning>
		<OriginalFile>62.gif</OriginalFile>
		<FixedFile>62fixed.bmp</FixedFile>
	</Item>
	<Item>
		<ShortCut>/:P</ShortCut>
		<Meaning>鄙视你</Meaning>
		<OriginalFile>63.gif</OriginalFile>
		<FixedFile>63fixed.bmp</FixedFile>
	</Item>
	<Item>
		<ShortCut>/:808</ShortCut>
		<Meaning>大怒</Meaning>
		<OriginalFile>64.gif</OriginalFile>
		<FixedFile>64fixed.bmp</FixedFile>
	</Item>
	<Item>
		<ShortCut>/:&gt;W&lt;</ShortCut>
		<Meaning>生气</Meaning>
		<OriginalFile>65.gif</OriginalFile>
		<FixedFile>65fixed.bmp</FixedFile>
	</Item>
	<Item>
		<ShortCut>/:073</ShortCut>
		<Meaning>财神</Meaning>
		<OriginalFile>66.gif</OriginalFile>
		<FixedFile>66fixed.bmp</FixedFile>
	</Item>
	<Item>
		<ShortCut>/:008</ShortCut>
		<Meaning>学习雷锋</Meaning>
		<OriginalFile>67.gif</OriginalFile>
		<FixedFile>67fixed.bmp</FixedFile>
	</Item>
	<Item>
		<ShortCut>/:803</ShortCut>
		<Meaning>恭喜发财</Meaning>
		<OriginalFile>68.gif</OriginalFile>
		<FixedFile>68fixed.bmp</FixedFile>
	</Item>
	<Item>
		<ShortCut>/:074</ShortCut>
		<Meaning>小二</Meaning>
		<OriginalFile>69.gif</OriginalFile>
		<FixedFile>69fixed.bmp</FixedFile>
	</Item>
	<Item>
		<ShortCut>/:O=O</ShortCut>
		<Meaning>老大</Meaning>
		<OriginalFile>70.gif</OriginalFile>
		<FixedFile>70fixed.bmp</FixedFile>
	</Item>
	<Item>
		<ShortCut>/:036</ShortCut>
		<Meaning>邪恶</Meaning>
		<OriginalFile>71.gif</OriginalFile>
		<FixedFile>71fixed.bmp</FixedFile>
	</Item>
	<Item>
		<ShortCut>/:039</ShortCut>
		<Meaning>单挑</Meaning>
		<OriginalFile>72.gif</OriginalFile>
		<FixedFile>72fixed.bmp</FixedFile>
	</Item>
	<Item>
		<ShortCut>/:045</ShortCut>
		<Meaning>CS</Meaning>
		<OriginalFile>73.gif</OriginalFile>
		<FixedFile>73fixed.bmp</FixedFile>
	</Item>
	<Item>
		<ShortCut>/:046</ShortCut>
		<Meaning>隐形人</Meaning>
		<OriginalFile>74.gif</OriginalFile>
		<FixedFile>74fixed.bmp</FixedFile>
	</Item>
	<Item>
		<ShortCut>/:048</ShortCut>
		<Meaning>炸弹</Meaning>
		<OriginalFile>75.gif</OriginalFile>
		<FixedFile>75fixed.bmp</FixedFile>
	</Item>
	<Item>
		<ShortCut>/:047</ShortCut>
		<Meaning>惊声尖叫</Meaning>
		<OriginalFile>76.gif</OriginalFile>
		<FixedFile>76fixed.bmp</FixedFile>
	</Item>
	<Item>
		<ShortCut>/:girl</ShortCut>
		<Meaning>漂亮MM</Meaning>
		<OriginalFile>77.gif</OriginalFile>
		<FixedFile>77fixed.bmp</FixedFile>
	</Item>
	<Item>
		<ShortCut>/:man</ShortCut>
		<Meaning>帅哥</Meaning>
		<OriginalFile>78.gif</OriginalFile>
		<FixedFile>78fixed.bmp</FixedFile>
	</Item>
	<Item>
		<ShortCut>/:052</ShortCut>
		<Meaning>招财猫</Meaning>
		<OriginalFile>79.gif</OriginalFile>
		<FixedFile>79fixed.bmp</FixedFile>
	</Item>
	<Item>
		<ShortCut>/:(OK)</ShortCut>
		<Meaning>成交</Meaning>
		<OriginalFile>80.gif</OriginalFile>
		<FixedFile>80fixed.bmp</FixedFile>
	</Item>
	<Item>
		<ShortCut>/:8*8</ShortCut>
		<Meaning>鼓掌</Meaning>
		<OriginalFile>81.gif</OriginalFile>
		<FixedFile>81fixed.bmp</FixedFile>
	</Item>
	<Item>
		<ShortCut>/:)-(</ShortCut>
		<Meaning>握手</Meaning>
		<OriginalFile>82.gif</OriginalFile>
		<FixedFile>82fixed.bmp</FixedFile>
	</Item>
	<Item>
		<ShortCut>/:lip</ShortCut>
		<Meaning>红唇</Meaning>
		<OriginalFile>83.gif</OriginalFile>
		<FixedFile>83fixed.bmp</FixedFile>
	</Item>
	<Item>
		<ShortCut>/:-F</ShortCut>
		<Meaning>玫瑰</Meaning>
		<OriginalFile>84.gif</OriginalFile>
		<FixedFile>84fixed.bmp</FixedFile>
	</Item>
	<Item>
		<ShortCut>/:-W</ShortCut>
		<Meaning>残花</Meaning>
		<OriginalFile>85.gif</OriginalFile>
		<FixedFile>85fixed.bmp</FixedFile>
	</Item>
	<Item>
		<ShortCut>/:Y</ShortCut>
		<Meaning>爱心</Meaning>
		<OriginalFile>86.gif</OriginalFile>
		<FixedFile>86fixed.bmp</FixedFile>
	</Item>
	<Item>
		<ShortCut>/:qp</ShortCut>
		<Meaning>心碎</Meaning>
		<OriginalFile>87.gif</OriginalFile>
		<FixedFile>87fixed.bmp</FixedFile>
	</Item>
	<Item>
		<ShortCut>/:$</ShortCut>
		<Meaning>钱</Meaning>
		<OriginalFile>88.gif</OriginalFile>
		<FixedFile>88fixed.bmp</FixedFile>
	</Item>
	<Item>
		<ShortCut>/:%</ShortCut>
		<Meaning>购物</Meaning>
		<OriginalFile>89.gif</OriginalFile>
		<FixedFile>89fixed.bmp</FixedFile>
	</Item>
	<Item>
		<ShortCut>/:(&amp;)</ShortCut>
		<Meaning>礼物</Meaning>
		<OriginalFile>90.gif</OriginalFile>
		<FixedFile>90fixed.bmp</FixedFile>
	</Item>
	<Item>
		<ShortCut>/:@</ShortCut>
		<Meaning>收邮件</Meaning>
		<OriginalFile>91.gif</OriginalFile>
		<FixedFile>91fixed.bmp</FixedFile>
	</Item>
	<Item>
		<ShortCut>/:~B</ShortCut>
		<Meaning>电话</Meaning>
		<OriginalFile>92.gif</OriginalFile>
		<FixedFile>92fixed.bmp</FixedFile>
	</Item>
	<Item>
		<ShortCut>/:U*U</ShortCut>
		<Meaning>举杯庆祝</Meaning>
		<OriginalFile>93.gif</OriginalFile>
		<FixedFile>93fixed.bmp</FixedFile>
	</Item>
	<Item>
		<ShortCut>/:clock</ShortCut>
		<Meaning>时钟</Meaning>
		<OriginalFile>94.gif</OriginalFile>
		<FixedFile>94fixed.bmp</FixedFile>
	</Item>
	<Item>
		<ShortCut>/:R</ShortCut>
		<Meaning>等待</Meaning>
		<OriginalFile>95.gif</OriginalFile>
		<FixedFile>95fixed.bmp</FixedFile>
	</Item>
	<Item>
		<ShortCut>/:C</ShortCut>
		<Meaning>很晚了</Meaning>
		<OriginalFile>96.gif</OriginalFile>
		<FixedFile>96fixed.bmp</FixedFile>
	</Item>
	<Item>
		<ShortCut>/:plane</ShortCut>
		<Meaning>飞机</Meaning>
		<OriginalFile>97.gif</OriginalFile>
		<FixedFile>97fixed.bmp</FixedFile>
	</Item>
	<Item>
		<ShortCut>/:075</ShortCut>
		<Meaning>支付宝</Meaning>
		<OriginalFile>98.gif</OriginalFile>
		<FixedFile>98fixed.bmp</FixedFile>
	</Item>
</xparam>
